Id,price_rating
12748,0
16822,0
3325,0
9234,0
9708,1
18184,1
732,1
4311,0
7583,1
16682,1
2496,0
9271,1
5274,0
1291,0
3056,0
8588,0
15971,0
15870,0
1962,2
11920,1
3037,0
18591,1
7872,1
5110,0
16990,0
12383,0
1199,1
3986,0
17998,0
9501,0
4465,0
17925,0
8493,1
13417,0
5662,1
12869,1
4908,0
11393,1
8655,0
747,0
11115,1
11473,0
13326,0
4957,1
15203,1
11776,1
10558,0
4468,0
5349,0
5700,0
4456,0
11855,1
14281,0
19504,1
3804,0
10644,0
2895,0
5578,0
12868,1
12322,0
10095,0
15880,0
6099,1
11949,0
15865,0
6688,0
9659,0
586,1
7755,0
17172,1
10866,1
9461,1
14230,0
2633,0
8170,0
17284,0
15182,0
1235,0
7681,0
1265,1
182,1
11210,1
11033,0
13152,1
11077,0
19028,0
3718,0
619,0
12323,0
11732,0
10402,0
17422,0
15470,0
10685,1
17472,0
15761,0
1500,0
1832,1
10203,0
2055,1
17020,0
4790,0
10538,1
3926,0
4846,0
3936,0
14996,1
11454,0
17651,1
5948,1
10664,0
18712,0
10992,0
14069,0
7228,0
827,1
1991,1
11582,0
1130,0
5882,1
8793,0
17702,0
10036,1
10827,1
9746,0
10645,0
10943,0
14937,0
736,0
5908,0
32,0
10424,0
5437,0
6022,1
17305,0
2891,1
15827,0
8823,1
12876,0
18,0
2495,2
12606,0
11851,0
696,0
13659,1
3805,1
5986,0
19480,1
889,0
18868,0
15194,0
8806,0
6818,0
3692,0
13453,1
13591,0
7966,0
15694,1
2983,0
1655,1
7629,0
7716,1
8794,0
2658,1
17798,0
9487,0
15526,1
8380,0
13985,0
5034,0
14946,0
18976,1
12471,0
2702,0
18449,0
15149,0
10894,1
11524,0
14625,1
5538,0
16675,1
14482,0
15871,0
12283,0
2051,1
3222,0
7915,0
2188,1
5765,1
1811,1
7411,0
35,1
18280,0
5596,0
15327,1
6054,1
8969,0
4642,0
13431,0
14810,1
17723,1
11447,0
15185,1
4941,1
11535,0
3473,0
7008,0
13652,2
13164,0
2629,1
8686,0
529,1
4616,0
10623,0
17837,0
4312,0
10091,0
1682,0
11098,0
17310,1
17215,0
9077,0
12203,0
7192,0
771,0
15712,0
15777,1
8707,0
11245,0
17730,1
11474,0
2558,0
15564,0
12546,0
15036,0
6839,1
6347,0
168,0
4344,0
2990,0
13355,0
1631,0
6374,0
6584,0
15445,0
2965,0
17024,0
1026,0
1364,1
2223,0
1467,1
9208,0
6940,0
12853,0
2193,0
146,0
2641,1
17276,0
14014,0
2330,0
4151,0
707,0
12803,0
7303,1
16448,0
6840,0
11552,0
14699,1
19011,1
1735,0
2501,1
15598,0
3515,0
9993,0
11691,0
8805,0
8372,0
12659,1
5412,0
9357,0
12221,0
4070,1
14463,0
5572,0
12133,0
18241,0
3588,0
11880,0
17394,0
18570,1
2039,0
6267,1
16228,1
1255,0
12637,0
14523,2
1662,0
9189,0
17517,1
11551,0
17478,0
18290,0
8487,0
6683,1
15597,0
5001,0
130,0
6810,1
46,1
12,0
5120,1
16275,0
6920,0
8886,0
17640,0
2485,0
9553,1
16555,0
2303,1
12242,0
7076,0
907,1
3270,0
8980,0
13839,0
11317,0
4938,1
299,0
7035,0
9542,0
13843,1
8265,0
8580,0
16208,0
10500,0
4618,0
7905,1
18744,2
7926,0
1954,0
13617,0
16864,0
17911,1
3455,0
11051,0
11066,0
2180,1
5462,0
8804,1
14237,1
1526,0
635,0
12758,0
14927,1
19167,1
14315,2
15758,1
17097,0
11874,0
1322,0
10708,1
376,0
2281,0
11564,0
9258,0
18718,1
6165,1
9613,1
16249,1
16824,0
18066,0
5424,1
16297,1
12368,0
1807,1
15479,0
12682,0
11935,1
16317,0
5320,0
5509,0
2628,0
18593,1
15199,0
7017,1
6643,2
8820,1
12562,1
16360,0
13821,0
902,0
6604,0
8639,0
5797,0
16093,0
7754,0
3110,0
7536,0
17536,0
17947,0
8294,0
10544,0
18872,2
14487,0
1895,0
8099,1
6208,0
15819,0
588,0
2948,0
6801,0
9723,0
11286,0
4644,0
1492,1
1875,1
7244,0
16659,0
14895,1
446,0
2190,0
3643,0
15497,0
9608,0
12941,0
12948,0
12218,0
17211,0
8436,1
5333,0
7799,0
10639,1
17456,0
235,2
4033,0
15612,0
12635,0
16595,0
12335,0
14427,1
9503,0
8060,0
18957,0
7252,0
1515,1
7205,1
307,1
8890,0
16546,1
2844,0
18014,1
17500,1
1101,1
5702,1
513,0
10046,1
15172,0
12729,0
14783,0
11788,0
6748,0
9589,0
6164,0
11593,0
18114,1
8246,0
2945,0
11955,0
18719,0
9093,0
12080,2
15079,0
13478,2
7823,0
3975,0
18560,2
2863,1
10613,0
10011,0
14634,0
13881,0
13710,1
16598,0
3994,0
14727,0
1906,0
13219,0
14303,0
6393,0
11164,0
3016,0
4913,0
8873,1
2619,0
14550,0
9885,0
13924,1
10442,1
7723,0
7993,0
553,0
1957,1
10588,1
14892,0
17628,0
14469,0
5445,0
2887,0
18063,0
10240,0
14682,0
9270,0
11428,0
6702,0
4166,1
15834,1
10288,0
173,0
359,0
1303,0
17088,0
18371,0
549,0
14910,0
9214,1
14082,0
4205,0
14278,0
8748,0
8692,0
4600,0
18313,1
241,0
13080,0
13318,0
18112,0
13143,0
4969,0
5984,0
15604,1
13510,0
13344,0
1181,1
16783,0
8000,0
12272,1
11261,0
2491,0
1373,0
13712,0
5071,1
11994,0
12505,0
12578,0
3587,0
2653,0
6172,0
11084,0
3754,0
16628,1
5777,1
6753,0
11313,1
17323,1
8641,0
17254,0
14080,1
10311,0
2497,0
13658,0
18646,0
155,0
970,1
8982,1
9182,2
18456,1
2815,1
9673,0
13233,0
2774,0
9848,0
17864,0
7202,0
18640,0
11628,0
15933,1
951,0
7066,1
14941,0
18502,2
13707,1
12303,0
2556,1
11319,2
4849,0
2162,0
8479,0
16698,0
10788,0
5999,0
18168,0
9576,1
10633,1
10861,0
9497,0
6826,0
11715,1
9291,0
13192,1
10813,1
2208,0
7022,1
559,0
14413,0
10473,0
568,1
17035,0
14507,0
9719,0
8205,0
16576,0
2455,0
16350,0
5692,0
18561,0
47,0
19373,0
17975,1
4150,0
18018,1
11072,0
2482,0
17415,1
487,1
7177,0
5166,1
6317,1
10599,1
11151,0
13524,0
5571,1
14038,0
7311,2
18140,0
8123,0
12620,1
16206,0
5115,0
8832,0
11363,1
1163,0
1918,1
3119,0
9136,0
19015,1
1613,0
6246,0
12541,1
2064,1
4819,0
8254,0
277,0
17152,0
17634,1
652,1
4120,0
305,1
17983,0
6550,0
15100,1
18526,0
16639,1
1311,1
12668,0
448,0
7425,0
9111,0
18647,0
3629,1
10890,0
4198,1
3991,0
1683,0
17955,0
982,0
654,0
9063,0
15859,1
2081,1
12626,0
13781,0
1420,1
4897,0
15083,0
5547,0
13084,0
8477,0
15368,1
10510,0
3187,0
8984,0
3564,1
11534,1
18321,0
13947,0
17423,0
12496,1
2417,0
14648,0
13868,0
16477,0
18043,0
14085,0
18993,0
9529,0
12348,0
10529,0
7041,0
13007,0
2786,0
14838,0
3544,0
4009,0
339,0
9536,0
1598,0
17408,0
16162,0
7952,0
5660,0
16243,0
4588,1
11395,0
819,1
13767,0
14370,0
3651,0
15103,0
5965,1
11452,0
3201,0
6411,0
12658,0
16781,0
9423,1
9985,0
3449,0
10542,0
6133,0
16027,0
2049,2
618,0
1010,0
8764,0
13892,0
14630,0
1246,0
11367,1
18620,0
343,0
7229,0
16097,0
12719,0
8876,1
14880,0
4451,0
4095,0
15342,0
13261,0
5206,0
11953,0
7663,1
19400,0
11868,0
19008,0
133,1
15715,0
13103,0
12211,0
16992,0
2377,1
2427,1
2787,1
16365,1
6073,1
2761,0
7995,0
3653,0
11790,1
10752,0
16190,1
15490,0
6816,1
4334,0
1791,0
17662,0
17061,0
18092,0
7413,1
10437,0
6710,1
14096,1
17167,0
13507,1
14761,1
15234,0
17748,1
15433,0
10369,1
3211,1
7677,0
17017,1
552,1
8451,0
5642,0
1388,0
12672,1
9317,0
5209,1
2673,1
4309,1
7645,0
11469,0
6618,1
12266,0
1937,1
242,0
17190,0
14375,1
2083,0
890,0
17103,1
7241,0
10159,0
5748,1
17154,0
4075,1
14084,1
8644,0
9199,0
16827,0
18705,1
14193,0
12116,0
12047,0
104,0
12609,0
1380,0
8523,0
14596,0
1802,0
10434,1
16859,0
10306,0
8779,0
2520,0
15527,0
1104,0
7844,0
3179,0
18335,0
1072,0
563,0
8044,1
9130,2
17567,0
17398,0
4429,1
9294,1
3705,0
6033,0
18589,0
10232,1
708,1
11243,0
14849,0
12089,0
655,0
7010,1
5030,0
16052,1
4544,0
9664,0
6430,0
13158,0
17414,0
11792,0
14256,0
11054,0
16569,0
13046,0
4689,0
11539,0
7903,0
15266,0
6167,0
7808,0
17109,0
19948,0
2523,0
18582,0
1063,0
11745,0
18409,0
7234,0
11850,0
7275,0
355,0
7595,0
12109,0
14622,0
2042,1
15924,1
10399,0
5069,0
1880,0
18370,0
16418,0
6013,0
17048,0
605,1
9484,0
7729,0
7352,0
15776,0
12697,0
14445,0
477,1
7996,0
11993,0
11277,0
10679,0
9715,0
8825,1
19512,0
18689,1
11002,0
11383,0
14536,0
528,0
10479,2
7437,0
6984,1
9896,1
11784,1
8813,0
6731,1
14254,0
14762,0
8819,0
15013,0
7592,0
3809,0
8889,1
19393,1
15996,0
13729,1
3257,0
4457,0
15905,0
10383,1
6113,0
8760,0
3336,0
15139,0
13649,0
15927,0
12155,0
12507,0
11254,1
2925,0
14697,2
17105,1
14130,0
5917,0
10759,0
16384,1
16856,0
1275,1
17191,0
14097,0
7657,0
15142,1
13156,0
16222,1
3724,0
17833,1
15132,0
6974,0
14270,1
19080,1
12144,0
13394,0
15081,0
16306,0
16098,0
17977,0
4222,0
15950,1
13466,0
15925,0
9864,1
6057,1
17278,0
1622,1
15937,0
369,0
6560,0
717,0
13845,1
8548,0
7052,0
354,0
12139,0
12740,0
930,1
8683,1
758,1
4171,0
10559,0
9564,0
15356,1
5530,0
251,0
10024,0
14471,1
10583,0
6693,1
8625,0
13162,0
2232,1
6616,0
9126,1
12726,1
5798,0
9242,0
6580,0
18728,0
12318,0
9472,0
18671,0
17519,0
11767,1
7318,0
12603,0
18516,1
16734,0
7546,1
13725,1
10689,2
13339,0
2898,0
968,1
3674,0
16711,0
17657,0
3345,0
14164,0
688,0
16532,1
18906,0
17508,0
18303,0
7785,0
16359,1
12547,0
14054,0
14337,1
7104,1
190,0
12064,1
4148,0
9787,0
6014,1
12820,0
7545,0
14789,0
12598,0
17217,0
14785,0
3983,1
7150,1
3462,0
19555,0
8016,0
13810,0
7683,0
439,0
14185,0
6026,0
13549,0
877,1
10936,1
11315,1
6665,1
4570,0
14855,0
2751,0
14261,0
7467,0
16512,0
220,1
9834,0
2107,1
3969,0
10475,0
18236,0
8312,0
12049,1
17939,0
12604,1
13188,0
10896,0
4675,0
1495,0
11783,1
17778,1
18621,0
1650,1
1727,0
17462,1
16731,0
521,2
7508,0
13385,0
5595,0
17438,1
8602,0
14343,1
138,0
6768,0
4718,0
10821,0
214,0
7479,1
10101,0
19277,0
12317,0
1799,0
457,0
14799,0
18150,0
12857,0
9456,0
7522,1
12710,0
10747,1
15601,0
10589,0
10843,0
2974,0
15796,0
12655,0
14189,0
16188,1
18297,1
7685,0
16692,0
6017,0
13015,0
18911,1
14922,0
4243,0
7930,0
5646,1
13370,0
4241,0
12932,0
5794,0
13438,0
15440,1
50,0
11295,0
13297,0
9657,0
6006,0
13956,1
344,0
14282,1
11468,0
16397,0
18375,1
17359,1
96,0
13239,1
15436,0
2246,0
6761,0
20015,1
656,0
6885,1
10534,0
16983,0
16582,2
1975,0
19351,1
10593,0
6880,0
12403,0
13765,0
18782,0
1440,0
2598,0
6108,0
4870,0
10513,1
6852,0
14275,0
7923,0
5970,0
15260,1
10344,1
7775,1
11260,1
7402,1
2461,2
14765,0
4403,0
11961,0
17006,1
13780,1
19651,0
12986,0
13350,0
15840,0
15878,0
1788,0
5019,0
13647,1
15616,0
7482,0
16700,1
13614,0
226,0
16579,0
13413,0
1184,1
7156,0
18500,0
15959,2
9523,0
10826,1
9666,0
16543,1
3026,0
6493,0
6866,0
5358,2
9658,0
9084,0
5197,0
12364,0
16963,0
5004,0
13310,0
10952,0
11574,1
6884,0
12433,1
18074,0
8176,0
19103,0
8214,1
7632,0
5636,0
11134,0
6409,0
18815,0
13433,0
5394,0
15418,0
16329,1
14298,0
11761,0
15630,0
5650,0
6998,0
13244,0
2085,0
14586,0
19116,2
9718,0
3093,0
15153,0
12721,0
13859,0
9981,1
18650,1
7684,0
7636,0
508,0
7579,0
15381,0
1904,1
19338,0
14851,0
18574,1
16911,0
4378,0
9488,0
2271,0
12485,0
6342,1
16196,0
8228,0
12143,1
14120,1
16269,0
5495,0
3966,0
17477,0
8190,0
14861,1
14602,0
7970,0
7230,0
17611,0
9261,0
16173,0
4985,0
2307,0
15195,1
1262,0
16377,0
13213,0
4864,0
1259,1
1132,2
16915,1
17280,1
7928,0
2306,2
8705,0
5216,0
3483,1
3133,0
8988,0
5173,1
17461,0
8229,0
17601,0
12107,0
16100,0
956,1
5817,1
10445,1
6366,1
6043,0
10853,0
10569,0
16739,0
14971,0
16092,1
16426,0
11677,0
7924,1
12827,0
5880,0
6562,1
5981,0
17218,1
5969,0
14326,0
4461,0
159,0
14148,0
5114,0
8259,1
10343,1
14312,1
8541,0
759,0
14384,1
15820,0
10662,0
11490,0
16474,0
11160,1
7857,1
3843,0
5862,1
5305,1
1881,0
12902,0
19304,1
8528,1
9312,0
14731,1
4742,1
16863,1
1693,1
16557,1
4569,0
15733,0
12759,1
18550,0
3274,0
3196,1
14367,1
2674,0
8301,0
730,1
17688,0
13289,1
1100,1
14019,0
17402,1
2410,0
8171,0
13006,1
18854,0
6535,0
3324,0
5401,0
4817,0
1331,1
13185,0
20059,0
2448,0
7525,0
14629,0
17301,1
8637,0
8020,1
17171,0
10400,1
1336,0
6715,0
11709,1
2617,0
13446,0
17382,0
14241,0
16166,0
10543,0
6789,0
11585,1
7458,0
8355,0
7169,0
4409,0
9807,0
11293,0
4025,1
184,1
15119,0
17351,1
833,0
14190,0
76,1
9151,1
15873,0
18515,1
3426,1
10525,0
17198,0
18436,0
629,0
414,0
5656,1
4873,0
9304,0
9531,0
13539,0
18918,1
5759,0
13102,0
18254,1
2803,0
9844,1
15417,0
3085,0
5470,1
15884,0
17784,0
19330,1
12183,0
16211,0
4814,0
6071,1
13252,0
9973,1
9914,1
882,0
4314,0
8430,1
10073,0
5707,0
7953,1
3140,0
14432,0
13426,0
14876,0
17672,0
6404,0
9328,2
4884,0
17151,0
14631,1
3894,1
9498,0
18320,0
7064,0
12712,0
6934,2
17767,0
5645,0
8425,0
13571,0
11339,0
8448,1
14636,1
6611,0
1784,0
14627,0
6646,0
13907,0
12254,0
13824,0
4825,0
6625,0
10723,0
7046,0
11287,0
2524,0
379,1
11253,0
15622,0
12612,0
10789,0
15247,0
15163,1
17625,1
2684,0
17510,1
9309,1
2728,0
6442,0
7500,0
611,1
12230,0
9251,0
1154,1
15167,0
11622,0
681,0
5363,0
13005,0
6879,0
16603,1
760,0
423,0
9775,0
5938,1
1482,1
8782,0
18679,1
9195,1
17544,0
2270,1
6728,1
4168,0
2572,1
13038,0
9245,0
11561,0
204,0
744,1
7896,0
15109,0
4253,0
6424,0
7574,0
13313,1
4379,0
4437,0
18308,1
13699,2
11944,0
14555,0
18351,0
198,0
13590,0
10933,0
5565,0
9634,1
18465,0
2706,1
3121,0
1836,1
8846,0
11283,0
7505,0
9712,0
13361,0
1490,1
18982,1
7750,0
1442,0
9534,0
14506,1
7776,0
5943,0
8818,0
1793,1
11978,0
11219,0
18163,0
15397,0
15357,1
11881,1
4335,1
3091,0
4052,0
3343,0
4602,1
18935,1
15657,0
13555,0
5231,0
9926,0
13588,0
16235,0
1978,0
2873,0
3278,0
2582,0
5760,1
1919,0
17645,1
13131,1
15289,1
5733,0
15830,0
11481,0
10332,0
16986,0
9820,0
12877,0
8052,0
10614,1
576,0
4211,1
15074,1
17426,2
6910,0
538,1
17556,0
18158,0
17728,0
1164,0
15447,1
4720,0
6016,0
6959,0
8452,0
12281,0
5278,0
17357,0
9876,0
9716,0
12072,1
14700,1
18453,1
9482,0
11085,1
134,0
11096,0
6427,0
519,0
9874,0
334,1
14775,1
2677,1
5616,1
2420,0
10552,0
5659,0
18024,1
17721,1
5675,1
946,1
17664,0
5133,1
5095,1
4331,0
725,2
16778,1
11408,0
9550,0
842,0
290,1
15896,0
16281,1
18174,1
555,1
10581,1
9239,0
1636,1
9737,2
2776,0
12239,0
9192,0
6417,0
8299,0
16564,0
145,0
1739,0
9349,0
7208,1
6238,0
7101,1
9757,0
9240,0
13764,0
16332,0
2435,1
17054,1
12152,0
1250,0
2347,0
12286,0
18690,1
10937,0
3214,0
6168,0
7825,1
516,0
6695,0
171,1
8307,1
1555,1
3792,0
1513,0
19665,1
10345,0
7650,1
5136,2
8346,1
16,0
13762,0
2879,0
15989,0
14031,0
693,1
13381,0
5261,0
3246,1
10504,0
7186,1
18491,0
3561,0
3689,0
12349,0
3665,0
5417,0
12837,0
7568,1
6340,0
12539,0
3486,1
17995,0
424,0
4589,1
1226,0
15709,0
17013,2
9347,1
15902,0
9691,0
2637,0
10748,0
11838,0
5298,0
1629,0
409,0
9026,0
9683,1
10691,0
15923,0
11422,1
12142,1
39,0
5317,0
2235,1
13766,0
6261,0
1075,0
1475,0
14958,0
12737,0
1935,0
12149,0
18684,1
16917,0
5963,0
9,1
7445,0
269,1
593,0
17822,0
18643,0
18348,1
10214,0
8350,1
11840,0
6510,0
14380,2
5183,0
9776,0
18170,0
7890,0
5555,0
15246,0
12087,0
3198,0
6547,0
5079,0
15302,0
11426,1
4764,0
4608,0
1445,1
2241,0
13808,0
1404,0
6837,0
8616,1
19413,0
12973,0
8570,0
12267,1
4370,0
10672,1
14160,0
10626,0
14833,0
15964,0
19565,0
10201,0
244,0
15516,1
15786,0
11972,0
12016,1
2518,0
10401,0
13908,1
6448,0
17349,0
12883,0
11690,0
13047,1
5138,0
11187,2
5328,0
13364,0
9185,0
13946,0
11144,1
8481,0
4298,2
17442,0
2183,1
5175,0
7539,1
3415,0
8840,0
18334,0
2818,1
5300,0
3087,0
874,1
18688,1
13567,1
6223,1
5194,0
18666,1
2635,0
6523,0
9365,0
4964,0
15654,0
6541,1
15735,1
14557,0
11131,0
16143,0
1560,0
5995,1
19357,0
12325,1
5488,0
11179,1
17670,0
3354,0
5081,0
7163,1
1236,1
10436,1
5238,1
4012,0
2505,0
11633,0
17409,1
17952,0
8997,0
16009,0
8419,0
824,1
19195,0
9372,0
6644,1
15571,0
11028,0
10112,1
7511,0
5835,0
8629,0
4649,0
2498,0
1529,1
5930,1
13497,0
14513,0
11782,1
10830,1
4055,0
13675,0
16355,0
3381,0
9329,0
12259,0
5144,0
3599,1
15467,0
731,0
6343,0
19404,1
15395,0
7597,0
9665,0
17949,0
1841,0
6938,1
15778,1
10652,0
17241,0
8847,0
15754,1
6140,1
6291,0
8571,0
193,0
1760,1
15430,0
12586,0
7477,0
6277,0
6848,0
18678,0
2341,0
13253,0
18750,0
14571,0
12848,0
15774,0
13306,0
16106,0
3081,0
11375,1
15475,0
8469,0
17941,0
6906,0
2205,0
6066,0
7866,0
8370,0
8306,1
5478,0
886,0
6353,0
9354,1
3161,0
8310,0
13556,0
3017,0
6901,0
9067,0
283,1
5612,0
7167,0
9674,0
5104,0
19268,0
16405,0
9963,0
19132,1
19543,1
11267,0
5097,0
1931,0
6828,1
13367,1
5991,0
18508,0
11781,0
1399,0
17552,1
5065,0
18563,2
5985,0
16650,1
7055,0
12730,0
7762,0
5105,0
8900,0
15582,0
2385,1
10388,1
10627,0
3221,1
10865,1
3104,1
17892,0
7599,2
9571,0
16419,0
2851,0
4829,1
9439,0
19114,0
14950,1
3943,0
18222,0
4754,0
10083,0
17059,1
10316,0
14788,1
627,0
8746,0
19716,0
12501,1
9826,0
13153,0
8385,0
14274,0
17476,0
5251,0
16105,0
13324,1
6721,0
7193,1
14787,0
16065,0
3173,0
4547,0
17399,0
12297,1
5516,0
7183,0
10406,1
8273,0
18111,1
2323,1
4990,0
4816,0
2836,0
8978,0
10828,1
18250,0
2864,0
17938,1
13376,1
9183,1
18784,0
11380,1
8067,0
16424,0
6195,1
12409,0
15208,1
13902,1
14737,1
4438,0
10149,0
15594,0
10822,1
17839,0
17972,0
14740,1
7130,1
16531,2
12779,0
8766,0
8082,1
19230,1
14967,1
11109,0
15212,0
16615,0
17453,0
12158,0
5753,1
1676,0
6278,0
6256,1
11577,0
8496,1
18391,0
12728,0
15954,1
8008,0
4958,0
11301,1
17586,0
206,0
5372,0
3357,0
17948,1
16874,0
11711,0
6481,0
19604,1
15354,2
11038,2
5321,0
9327,0
14286,0
12979,0
6232,1
19531,0
6020,1
9813,1
15099,2
3933,0
15823,0
8750,0
11307,0
5315,0
11859,0
17334,0
12244,0
16184,0
18459,0
15771,0
16660,1
4681,1
6976,2
16016,1
16959,0
10938,0
13609,0
4899,0
7712,0
10446,0
14271,1
2059,2
3902,0
6306,0
19117,0
16358,1
1448,0
16053,0
9213,0
17347,1
3049,0
9144,1
10264,0
6196,1
12643,0
1494,0
4348,0
12290,0
4610,1
15757,0
8985,0
3310,0
18989,0
3739,0
830,0
8352,0
7379,0
15876,0
5452,0
11813,1
16064,1
3622,0
9302,1
14143,1
2404,1
5276,0
3362,0
8733,0
11248,0
15736,0
12826,0
12842,1
10321,1
9265,1
3033,0
7963,0
7270,0
17660,0
2472,0
8011,1
3573,0
11369,1
17802,0
11500,0
8195,1
5407,1
13242,0
179,1
15429,0
14715,0
18955,1
18934,0
14735,0
10967,0
5800,1
2631,1
6444,0
14206,0
18177,0
10710,0
7245,0
6081,2
18053,0
324,0
6781,1
5746,0
7430,0
7822,0
17860,0
7841,1
11867,0
17194,0
1070,0
15677,0
1539,0
8971,0
9841,0
900,1
11695,1
366,1
7132,0
17470,0
4047,0
16772,0
113,0
18161,1
13716,1
13320,1
10767,1
18194,0
14989,2
2248,0
15078,0
6415,0
4807,0
15346,0
7827,0
14311,0
17825,0
13840,1
17561,0
4955,0
2819,0
5627,1
18052,0
18042,0
18882,0
16378,0
10135,1
18439,0
3979,0
1300,1
151,1
3400,0
278,1
1953,0
15626,0
9535,0
17960,0
6156,0
16651,0
820,1
8573,0
5786,0
16899,0
11222,0
1446,0
11607,0
13740,0
1734,0
10194,0
4449,0
17128,1
16912,0
8048,0
13345,1
9166,0
12207,1
2267,0
11218,0
2958,0
2028,0
16149,0
18920,0
14187,1
8914,0
6243,0
8788,0
14757,0
17584,0
6027,0
18537,1
5600,0
6266,0
6896,0
12940,0
1343,0
8162,1
9455,1
3238,0
5566,2
5359,0
2344,0
12276,2
18401,0
16482,0
10450,0
17208,1
9414,0
5925,1
6649,0
8532,0
13894,1
8597,0
9096,0
10909,0
15684,1
9574,0
10792,0
10994,0
14157,0
9003,1
1514,0
12601,0
640,0
12771,1
2195,0
3852,1
18481,0
18333,0
6747,0
11801,0
17212,0
8577,0
398,2
8336,0
18077,1
5703,0
451,1
5727,0
14670,0
16797,1
14497,0
19536,0
18446,0
15797,0
15463,1
3039,0
7696,0
14095,0
11963,2
3414,0
15850,0
10924,0
9724,0
6629,0
4909,0
14498,0
16357,0
8462,1
12835,1
18322,0
17538,2
1272,0
4521,1
19617,0
17236,0
598,0
15217,0
17410,0
14246,0
212,0
7651,0
4791,1
1015,0
18700,1
14583,0
2272,0
3610,1
16352,0
12307,0
5362,0
7641,1
2693,0
6464,0
5928,1
6703,0
18487,0
9788,1
10972,2
10373,1
14488,0
17403,0
6029,0
19367,1
5752,0
14287,0
11142,1
8198,1
6410,0
18275,0
10745,0
15425,0
2160,0
3273,0
3558,0
15450,0
8896,0
13763,1
501,0
7701,0
17631,1
13823,0
13263,0
17240,0
11559,0
2636,0
8742,0
14112,1
16341,0
14916,2
17735,0
13988,2
3030,0
3044,0
6078,0
6575,0
5816,0
17274,0
7688,0
10143,1
679,1
767,0
3514,0
18452,0
3988,0
1565,0
9362,1
7553,0
14912,1
8991,2
15235,1
7633,1
7740,2
17980,0
7034,0
15825,0
2759,0
14294,0
9643,0
14028,0
602,1
12566,0
13139,0
9825,1
7105,0
12583,0
17264,1
17248,0
6090,0
13643,1
12875,0
282,0
447,0
11666,0
12619,0
16436,0
8119,0
6922,0
4920,0
9540,0
16720,1
11930,0
6619,0
5903,0
17332,0
12489,0
12181,0
18016,0
16463,0
1212,0
11125,0
9921,1
14970,0
2989,0
11856,1
4294,1
18338,1
11138,1
15641,0
12644,0
3863,0
14118,1
7355,0
4223,0
18389,1
7212,0
14255,0
19292,1
14584,1
18833,0
8658,0
16629,1
9624,0
17027,1
15946,1
2103,1
3652,0
13358,0
16929,0
10955,0
3292,0
5123,0
11148,0
9014,1
14050,1
6230,0
5293,1
12425,2
865,0
3280,0
9023,0
1264,0
11460,0
17383,0
7829,0
18529,0
19018,0
3379,0
14673,0
7959,0
14390,0
13540,1
5092,0
574,0
7181,0
10172,0
7065,2
16203,1
791,1
18795,0
12033,1
18188,0
7082,2
8413,0
11634,0
17854,0
15422,0
14124,0
10715,1
7900,0
1865,1
11175,1
8674,0
4354,0
10000,0
14181,2
7180,1
4724,1
6982,0
12849,0
12099,0
16695,1
6320,1
6470,0
12822,1
934,0
7460,0
3447,0
12761,0
12442,0
14220,0
16361,0
7480,0
7465,0
6964,1
19153,1
14863,2
3717,0
368,1
11325,0
18886,1
17719,0
13455,1
14877,2
14131,0
8983,0
11167,1
9839,0
13308,0
10762,0
16636,0
4283,0
15746,0
7464,0
3099,0
445,0
5716,0
17417,0
14746,1
14364,0
6249,0
18745,0
7174,0
16450,0
17785,0
13570,0
13332,0
13906,1
12408,0
1362,0
15256,1
19049,0
5933,0
1298,1
8882,0
5135,0
9682,1
11719,0
14684,0
5554,0
9010,1
6272,0
2545,0
18376,0
6821,2
2009,1
13581,0
3806,0
10039,0
7263,1
10079,0
8897,1
7391,1
9027,0
9447,0
7350,0
16696,0
17904,1
16553,1
6524,0
7601,0
16857,0
1903,0
16234,0
5992,0
3344,2
16045,0
301,0
13203,0
16870,0
15538,0
137,0
19328,1
10099,0
8075,1
16072,2
14345,0
13940,0
8263,1
15204,0
722,1
17764,0
11213,0
19872,0
9615,0
6709,1
8032,1
17430,0
9597,0
1025,0
7051,0
712,0
15007,0
12513,1
7248,0
6656,0
6911,0
9903,0
13711,0
19428,0
3731,0
18444,0
2752,0
5802,0
1612,1
2731,0
4215,1
14481,0
9287,0
1857,0
13471,2
18433,0
15038,0
9404,0
11803,0
18121,0
497,1
6865,0
6627,0
4759,0
3949,0
6019,0
3874,0
7158,1
15487,0
9260,1
302,1
11724,0
998,0
11601,1
6994,0
17091,0
12056,0
17447,1
19492,1
13670,1
18122,2
7904,0
16661,1
6144,1
2602,0
8062,0
9293,1
4302,1
8029,0
962,1
3107,1
3895,0
8783,0
18098,0
14815,1
4762,0
13890,0
425,0
11194,1
13607,0
4677,0
11027,2
10324,0
6300,0
1208,0
12382,1
15295,0
2764,1
8165,0
18091,0
9573,0
14901,1
9127,0
10956,0
7333,0
16351,0
6050,0
14953,0
3106,1
5496,0
12464,1
14963,0
2194,1
16885,0
6107,0
1108,0
12951,0
9552,0
15305,1
2320,0
5522,0
14839,0
18171,1
12905,0
3541,0
5150,0
5109,1
2719,0
12818,0
17928,0
5874,0
16265,1
16366,0
2284,0
7100,0
15683,0
11581,0
13747,1
8845,0
13395,0
1143,1
14138,1
2338,0
13409,0
15609,0
10515,0
8737,0
2648,0
10600,0
18866,2
10414,0
12757,0
11264,0
13054,0
2724,1
14848,0
1870,0
163,1
14760,0
4192,0
12809,0
8596,1
10187,0
11710,0
16948,1
18683,1
10845,0
9762,1
12151,0
14266,0
4855,1
281,0
2203,0
17652,1
9754,1
8103,0
18282,1
11835,0
9422,0
16067,1
4862,0
14,0
7173,1
19318,1
12411,1
5590,0
2220,1
4929,0
10882,0
19303,1
12169,0
12727,0
2825,0
12831,0
11714,0
14514,0
12910,0
600,0
12843,0
11029,0
9079,0
9101,0
754,1
7778,1
6400,0
5463,0
7223,0
9878,0
4016,0
18541,1
5744,1
958,0
10013,0
5454,0
10144,0
12224,0
17667,0
11597,1
8853,1
5647,0
9810,1
4425,0
15675,1
17098,0
11061,1
15320,0
14741,0
13816,0
9433,0
3742,0
422,0
9688,0
12389,0
6540,0
16566,0
8946,0
19321,0
14105,1
3794,0
13096,1
17393,0
7884,0
14102,0
608,0
14479,0
5954,0
16687,1
1762,0
8068,1
14588,1
5043,0
13449,1
11348,1
3616,0
13645,0
10086,0
2626,0
7713,1
7682,0
4145,0
9970,0
17803,1
5997,0
9962,0
10151,0
2199,0
6846,1
14415,0
13546,0
4653,0
8724,1
11323,0
8662,0
14616,0
11044,2
12530,1
17249,0
16758,0
1171,0
14850,0
15304,0
11525,1
14352,0
3152,0
16246,1
12796,0
15201,0
12713,0
11700,0
7859,0
7287,0
1548,0
15484,0
12841,0
9899,0
2056,1
19159,0
12964,0
13818,0
10433,1
6883,0
16816,0
10986,0
10326,2
13271,0
7791,0
258,1
5886,0
4046,0
11435,1
5460,2
7968,0
5419,0
8642,0
9706,0
16294,0
15390,0
9832,1
13585,1
16413,0
10258,0
15879,1
13991,1
10673,1
18441,1
13053,1
16224,1
18717,0
539,2
17041,0
15030,1
11627,0
14229,0
4511,0
8326,0
12225,0
15992,1
13009,0
18980,1
13587,0
5591,0
12215,0
9631,2
7093,0
6048,1
11238,0
1329,1
2370,0
1603,0
4630,0
651,1
4606,0
11306,1
17885,1
17507,2
13200,1
17534,0
8875,2
15693,0
12394,1
12484,0
91,0
3911,0
8111,0
14006,0
1719,0
14917,0
1142,0
13785,0
18608,0
8527,0
10531,0
6087,0
8142,0
1251,0
12931,0
18319,0
3108,0
11890,1
1924,1
13693,0
13458,0
4652,0
6025,1
2537,0
13229,0
10243,1
13867,0
832,0
17946,0
18385,0
1479,0
2003,0
10441,1
8188,1
16570,0
19756,0
13661,1
7933,0
13604,1
11486,0
12432,0
9286,0
6480,0
17138,0
3777,0
3504,0
1785,1
9908,0
4327,0
2665,0
8736,0
3967,0
12037,1
6694,0
8936,0
12044,0
5259,1
1365,0
13834,0
14587,0
10886,0
4121,0
2802,0
6569,0
13191,0
4812,0
11312,1
4935,0
12421,1
8772,2
18519,0
18310,1
13545,1
1509,0
8814,0
14242,0
18202,0
8560,0
15524,1
8717,1
19526,1
11184,2
18540,0
16415,1
12590,1
2507,1
13493,0
12249,0
14651,0
6098,0
5540,0
3304,0
737,0
13056,1
8216,1
683,0
11387,0
3773,0
12717,0
8994,1
6148,0
8414,0
13927,0
12991,0
8604,0
11510,0
15414,2
2339,0
11509,0
1887,0
1450,0
1950,0
728,0
18874,1
12405,1
4592,0
11528,0
9623,0
18097,0
6435,1
6563,1
12106,0
9107,0
41,0
9283,1
17255,0
9188,1
7280,0
5795,1
11598,1
14683,0
14400,0
12219,0
2718,0
12985,0
15703,0
13258,0
13949,0
18226,2
8240,1
18714,1
2757,1
11294,0
9809,0
13066,0
658,0
1258,0
8902,0
1798,1
210,1
14414,0
12214,1
7258,1
12553,0
11507,0
3007,0
13960,0
14836,0
7855,1
15523,0
3288,1
9668,0
12512,0
382,0
6603,1
18269,0
4169,0
16349,0
18726,0
16231,0
13855,2
1253,0
11751,0
5881,1
12443,0
4129,0
14991,0
16503,1
7098,1
11020,0
5632,0
10522,1
8129,0
17168,0
15650,0
5060,0
15428,0
2697,0
4082,0
19183,0
12062,1
9164,0
8282,1
6293,0
7940,1
2024,0
322,0
4596,0
13016,1
11455,1
8172,0
11562,1
8258,0
16087,0
18708,0
9662,0
16108,1
5385,1
8664,0
5237,0
17855,1
12445,0
11852,0
6038,1
7578,1
8392,0
8574,0
1720,1
13081,0
2210,1
3194,0
8663,0
14621,1
13008,1
4057,1
15193,0
7399,1
1233,0
8041,1
7284,0
14496,0
9648,0
14807,1
17658,0
15384,1
12418,0
1501,1
11976,0
2847,0
11163,1
18820,1
4479,1
10532,1
5277,0
11612,1
16334,0
7946,1
16494,0
17244,0
8605,0
208,0
5327,0
15940,0
8620,1
11896,0
1698,0
12414,0
9726,0
12786,1
10646,0
12174,0
6234,0
19680,1
7286,0
44,0
6697,0
10005,1
5167,0
12675,1
2955,1
16818,1
550,1
16814,1
16174,0
3317,0
9733,0
4842,0
5243,1
11340,1
9997,2
11058,1
10027,2
7014,1
17356,0
11635,1
12206,0
7432,0
14560,0
4336,1
16779,1
11958,0
10166,1
9390,1
3130,0
13638,0
16668,1
18244,0
8071,0
12331,0
10859,0
373,0
7763,0
16311,1
16769,0
16047,0
9980,1
3603,1
17468,1
12918,0
2590,0
17761,0
17711,0
5285,1
14435,0
3844,0
16934,0
8491,0
17896,1
6216,1
12640,0
16145,0
12980,1
5450,0
13532,0
19762,1
9731,0
6502,1
14433,0
4416,0
18349,0
8033,2
4448,1
7667,1
5221,0
8288,1
3971,1
3061,0
12466,0
6521,0
16518,0
11679,0
14422,0
2741,0
16895,0
10227,0
7495,0
1943,2
17553,0
1970,0
11206,1
3009,0
5316,0
17361,0
9061,0
17072,1
12257,0
7955,1
12123,0
13603,1
11208,0
6474,1
12184,0
1797,0
12532,0
10684,1
6485,0
412,1
1653,0
13045,0
18410,0
15615,1
2877,0
9020,0
13090,0
17889,0
2610,1
10699,0
1868,0
12459,1
14347,0
14842,1
3671,1
11921,0
12162,0
4743,1
9241,0
19070,1
5196,0
12065,0
1452,0
19437,0
18117,0
8727,0
18096,0
15097,0
15951,1
5859,0
19946,0
10141,1
3465,2
19211,0
9906,0
12004,2
10115,0
5519,0
15102,0
17067,0
7301,0
16838,0
1151,0
11808,0
3868,0
8739,1
1286,0
6004,1
1921,2
6239,1
2079,1
2723,1
3118,0
13616,0
13911,0
14885,1
12954,0
4362,0
13287,0
2264,0
4680,0
4414,0
6705,0
16295,0
18848,0
17371,0
9513,0
18479,0
7828,0
17124,0
16003,1
8601,0
5439,1
10871,1
13277,1
12913,1
1844,1
12006,1
2750,1
3743,0
14289,0
17396,0
1939,2
4950,1
14405,0
8567,0
9276,1
11576,0
9959,1
18127,0
8546,1
7489,0
9968,0
6552,0
11836,0
1423,0
6354,0
13942,0
8480,0
17750,0
6822,0
5291,0
3956,0
136,1
1725,0
831,1
12813,1
7936,0
15145,0
1391,1
7988,0
11391,1
10010,0
649,0
11631,0
19113,0
246,1
17281,0
12370,0
15702,2
7502,1
17247,0
16913,1
9066,0
14564,1
2995,0
16376,1
15371,2
8160,0
14716,1
2076,0
14924,1
8143,0
15868,0
2061,1
17644,1
2920,1
701,0
14203,0
6599,2
6086,0
14591,1
1356,0
12177,0
17632,0
18332,1
13664,0
8440,1
5156,0
903,0
15969,0
9148,0
8975,0
15318,0
8381,0
16840,1
13806,0
9090,0
6101,0
14675,0
18590,0
12078,0
8775,1
16343,0
5124,0
14444,0
4487,0
17260,0
8677,0
18093,1
17222,0
14355,1
11791,1
14108,1
9290,0
8923,0
16604,1
7801,0
596,1
12971,0
17894,0
2840,0
3719,0
8741,0
14726,1
11626,0
11076,0
7894,0
1112,0
9725,0
18474,0
10245,0
18523,1
12722,0
17831,0
3217,0
15943,0
16266,0
1961,0
1038,0
14448,0
11984,1
4866,0
8360,0
5181,0
6833,0
12829,0
15457,0
16812,0
99,0
17465,1
6673,1
17962,0
7902,0
624,0
6565,1
19027,0
16478,0
12636,1
10087,0
259,2
18067,0
7985,1
8949,0
356,0
1809,0
5915,0
392,0
3321,0
11810,0
18318,1
589,0
1282,0
14284,0
4275,0
10507,0
15299,2
8151,0
3823,1
9002,1
2361,1
1621,1
10064,1
5249,0
8203,0
15633,0
13414,0
3215,1
8919,0
13608,0
18536,0
11216,0
3928,1
5790,0
1888,0
2446,0
13628,0
16161,1
8584,1
15113,0
4156,1
14886,0
16374,0
9779,1
15391,0
19231,0
7653,0
10653,1
10598,1
18832,0
18079,0
7660,0
7420,0
9992,0
14992,1
3838,1
7328,0
11326,0
9045,0
18475,0
16867,0
14136,0
157,0
3408,1
14724,0
7781,0
7753,0
17449,1
2301,0
2095,0
10963,1
5490,0
11009,1
13359,0
14292,1
3647,0
9617,0
4707,2
13017,1
12582,0
1268,0
6437,0
11752,1
18884,1
13879,0
3126,0
723,0
4269,0
11990,0
8515,0
8420,1
1447,0
4813,1
13163,1
5683,0
5857,0
7431,0
16549,1
2374,1
17376,0
8992,0
1590,0
11592,0
9619,0
5582,1
14268,1
7976,0
1457,0
5640,1
6578,0
5313,0
17341,0
8964,0
6746,0
1135,0
3385,0
1470,0
15000,0
12059,1
7490,0
5879,1
1180,1
4000,0
7023,0
1936,0
3294,1
18317,1
4981,0
17591,0
4876,1
4110,0
8335,1
5299,1
16007,0
5290,0
7324,0
11392,0
3857,0
7616,0
6199,0
9013,0
59,1
1256,0
6052,0
5451,0
6554,0
15970,0
9305,1
15278,0
7854,0
8051,1
14300,0
11623,2
11546,0
16803,0
7227,0
7346,0
2956,0
5906,1
8289,0
14517,1
10029,0
9163,0
4963,1
13829,0
5365,1
4431,0
10790,0
11127,0
1966,0
6188,1
6327,0
14302,1
9845,0
1540,0
2833,0
8387,1
2917,0
6640,1
13171,0
19863,0
464,1
5392,0
5742,0
13888,1
8860,0
18899,1
15192,0
14172,0
16738,0
7283,0
5664,0
2502,0
2866,0
17716,1
15406,0
7542,2
426,0
9596,0
15986,0
5773,1
272,0
9793,0
7895,0
4973,0
18011,0
10730,1
17379,0
2592,0
12587,0
8497,0
16547,0
19031,0
6602,1
13211,0
12529,2
4041,1
918,1
13864,0
15355,0
197,1
2792,0
10610,0
16967,0
9888,0
3993,0
15967,1
13029,0
11364,1
14624,0
1421,1
14841,0
11502,1
2560,0
14354,0
11553,1
13434,1
6963,0
10780,0
19484,1
14544,0
15885,0
13003,2
3766,0
2532,1
6758,0
9044,0
16375,1
19125,0
4014,0
11090,1
13057,0
6269,2
14965,1
18973,0
13681,1
11568,1
657,0
7669,0
12565,1
17648,0
2745,1
11482,0
3965,1
3512,0
11143,0
5434,0
14358,0
12263,0
13042,0
17226,1
9360,0
18342,0
15189,0
14221,1
384,1
1497,1
17511,0
15053,0
9947,0
14058,0
8427,0
8688,1
12330,0
12926,1
13912,0
8790,0
4295,0
11787,1
9431,0
6803,0
18010,0
3248,0
6967,0
4996,1
4512,0
5871,1
18217,0
5425,0
13737,0
10548,0
17358,0
421,0
16382,0
8197,0
7975,0
11145,0
16356,1
10059,0
6792,1
15464,0
3973,1
15518,1
7121,1
8318,0
564,1
17920,1
9353,1
10607,0
13730,0
6791,0
18969,1
3768,0
10814,0
8925,1
10122,0
17794,1
3627,0
3913,0
3073,0
18824,0
16832,0
10330,1
3892,0
1166,0
8231,0
11754,2
3582,0
11354,0
5457,0
2926,0
34,0
16076,0
285,0
966,1
18206,1
9957,1
4011,0
14155,0
10329,0
5654,0
9075,0
13626,0
18532,0
14679,0
16891,0
11475,0
10668,0
17385,0
12160,0
1637,0
1238,0
15379,0
9018,1
15625,1
1018,1
7028,0
13683,2
748,0
15154,0
1325,0
12928,1
11547,0
13692,0
7606,1
8473,0
17471,0
10009,0
17796,0
4060,0
15931,2
254,1
9369,0
52,0
17049,0
5307,1
11917,0
9646,0
247,0
3480,0
8313,0
2680,0
11946,0
6093,1
1093,1
2885,0
14291,0
11404,0
12344,0
8589,0
12452,1
6155,0
18909,0
8,0
2288,0
11165,1
12788,1
11814,0
2905,0
16736,0
5806,0
10568,0
8933,0
10966,0
11439,0
10772,0
2929,0
16999,1
8634,0
13548,0
6402,0
11041,0
2045,0
5289,0
5318,0
14569,0
19079,1
961,1
8297,1
16403,0
16089,1
15767,0
11545,0
266,0
3995,2
13030,0
1273,1
11590,1
3550,0
9601,1
11324,0
18672,1
8791,0
3165,0
7759,1
14559,0
8292,1
11866,1
7983,1
628,0
9330,0
19199,0
1915,1
15057,0
10066,2
12205,0
14945,0
8712,0
9104,0
4128,0
17489,0
11825,0
2192,0
7492,1
9458,0
5481,0
7732,0
2624,0
17081,1
15325,0
9410,0
11137,0
709,1
7179,0
6350,0
3747,0
4329,1
15841,0
1307,1
15634,0
13742,0
11723,0
161,2
8443,0
12476,1
18810,1
8037,0
16562,0
4528,0
2811,0
3237,0
1932,0
16942,0
5132,0
17548,1
340,0
6139,0
12600,0
19900,1
17220,1
1058,1
12573,0
6131,2
5585,0
16340,0
10355,0
15788,0
3425,0
18676,1
10067,1
16893,0
6103,0
7481,1
8536,0
15664,0
153,0
3138,0
18781,1
8064,1
13723,0
11258,0
6001,0
6056,0
17603,0
3947,0
7789,1
7291,0
4895,0
8811,1
8731,0
16760,1
14828,0
14968,0
4971,0
8535,0
12128,0
7201,1
12377,0
16497,1
8384,0
8106,0
7390,0
7259,0
15398,0
1675,0
13822,1
407,0
17504,0
14997,0
9388,0
18949,0
14257,0
8770,0
1997,1
16410,0
9897,0
7338,1
15783,1
17622,0
17637,0
8405,0
10880,0
17044,0
12050,0
11931,1
19023,0
14178,0
14243,0
13602,1
17047,1
1032,0
18272,1
15144,2
11669,1
16527,0
3210,0
14332,0
10357,0
17804,0
16672,0
5093,0
3813,0
6913,1
15287,1
17732,0
3817,0
526,1
2700,0
9072,0
8888,0
8894,0
7770,0
4238,0
10257,0
6051,1
5367,1
837,0
10237,1
14890,0
10070,1
13788,0
11119,0
10463,0
9928,1
18677,1
5993,0
11703,0
9326,1
16691,0
893,1
8139,1
18485,0
3231,1
2105,0
7357,0
9352,0
8221,0
1609,0
14676,0
9059,1
2913,1
10044,0
4503,0
862,0
18470,0
16626,0
17482,0
15803,0
5788,1
3409,1
13501,1
12296,0
9049,1
13526,0
2661,0
15569,0
1632,0
5763,0
12161,1
9846,1
6928,2
11235,0
14474,0
5346,0
4757,0
6018,0
8057,0
16223,1
5338,1
4240,0
1700,0
13521,0
2407,0
8058,0
18073,0
3281,1
10921,1
522,0
11826,1
16110,1
13048,0
10839,0
3551,2
9866,1
3109,0
11062,0
17000,0
13470,1
300,0
15128,0
6068,0
13771,1
10074,0
3001,0
10903,0
1753,1
2511,1
9356,1
14998,0
5639,0
4552,1
6701,1
1053,0
19873,1
10615,1
13140,0
7821,0
964,0
14372,1
3460,0
8866,0
14077,0
10641,0
17384,0
2286,0
1839,0
3089,0
3608,0
512,1
14856,0
11073,0
15875,0
18361,0
5803,0
8624,1
14377,0
8883,0
3203,1
48,0
11511,0
9681,0
6021,1
5350,0
13374,1
3574,0
12146,1
1348,0
9815,0
18302,0
18894,1
4187,0
17001,1
18201,0
9765,0
9108,0
5525,0
9747,0
15576,1
11872,0
11913,0
11276,0
659,1
11371,0
7006,0
13994,0
19927,0
2317,0
16910,1
15150,1
15773,0
9960,0
18257,0
11895,0
12734,0
1296,0
4229,0
3309,0
979,0
5303,0
3094,1
11432,0
4462,0
12545,1
3391,0
10835,0
2806,0
10351,0
15640,0
58,0
4905,0
6490,0
7049,0
19822,0
2595,0
6229,0
8047,0
17741,0
3010,0
2026,0
10831,0
1239,1
14672,0
16077,2
1084,0
13281,1
6773,0
16447,0
11773,0
8981,0
14658,0
10468,1
10742,0
108,1
15380,0
11558,0
6369,0
11081,1
12589,0
16777,0
8439,0
9017,0
17927,0
5774,0
1192,0
15541,0
5139,1
10517,0
12661,0
14800,0
3063,0
2431,0
13300,0
662,1
15888,0
14000,1
8161,1
9622,1
11611,1
1156,0
2346,1
11093,0
3452,0
6467,1
11557,2
7348,0
9348,1
15861,1
70,0
8212,1
7364,0
2994,0
7644,0
11674,2
17016,1
7529,2
13481,0
11749,0
5498,0
11542,1
8043,1
18761,0
7880,0
3999,1
5608,1
16309,0
4554,1
7722,0
1257,0
19384,0
9432,0
7001,0
14238,0
3472,1
17940,1
12711,0
11543,0
15227,0
14249,0
7634,1
4265,1
12420,1
17945,1
2967,0
5697,0
9710,0
11830,0
5195,0
10464,1
3172,1
10991,0
8354,0
10523,0
12559,1
18147,0
631,0
17237,0
14336,0
10153,0
2177,1
15037,0
8225,1
15686,0
6777,2
524,0
10516,0
326,1
129,0
1644,0
8799,1
17963,1
5819,0
18231,0
15838,1
15197,1
16697,0
17683,0
10805,1
11527,0
5287,0
1541,0
6741,0
15759,0
5631,0
16442,0
7178,1
887,0
19846,0
9463,0
7141,0
15310,0
8078,0
2209,0
14339,1
15680,0
18213,0
5395,1
3225,0
1345,1
10737,1
17786,0
8698,0
11680,1
14947,0
17022,0
11957,0
8061,0
6636,0
10182,0
10686,1
4007,0
7434,0
6902,0
7099,0
3378,0
5902,0
1021,0
7520,0
17633,0
16608,1
19099,1
5410,0
7989,1
4530,0
11429,0
3598,0
13856,1
18070,1
6421,0
13272,0
10561,1
5012,0
1229,0
2245,0
1910,1
7429,1
1520,1
4995,2
10077,0
14183,1
19072,0
4527,0
7693,0
8922,0
5232,0
10085,0
1221,0
5390,0
13011,0
12564,0
7056,1
9632,1
2769,1
2601,0
1103,0
6929,0
13523,0
5952,0
15264,0
18785,0
3942,0
15254,0
13748,0
16507,0
6638,0
6985,1
15008,1
8133,1
12767,0
5865,0
2804,0
2669,1
9009,0
2738,0
9808,0
16061,0
7185,0
1971,1
5815,0
16592,1
12628,0
16011,0
13517,1
3940,0
2720,0
3502,1
18698,1
12054,0
8070,0
304,1
17696,1
17814,0
18559,0
383,1
14524,0
18653,0
9661,0
1889,0
10109,0
7654,0
12337,1
12669,0
13201,1
7925,0
13292,0
7689,0
9687,0
11504,0
3787,0
9770,1
8531,0
10883,0
1730,0
17243,0
14103,1
7783,1
18494,1
250,0
13705,1
8954,1
673,0
15915,0
16044,1
1916,1
12189,1
5676,0
2756,0
2396,0
6942,0
8514,1
13562,0
14592,2
7526,0
18432,0
6299,0
7059,1
12362,1
18905,0
9211,1
4636,1
5091,0
1217,0
16708,0
5106,0
8098,0
11281,0
19931,0
5878,0
7811,0
5066,1
6279,0
17011,1
3183,0
12306,0
6036,0
13401,0
7393,0
941,0
14813,0
18697,0
7092,1
9113,0
9477,0
13147,0
7818,0
13970,1
16710,1
2110,1
11789,0
16144,0
16732,0
15306,1
8251,0
12262,0
5227,0
17746,0
8734,0
4127,1
12745,2
13640,0
8824,1
4281,0
5635,0
13910,1
13386,2
7687,0
11602,0
5448,0
2126,0
12976,1
16884,0
1894,1
2058,0
5977,0
9375,0
7852,2
13404,1
12007,0
919,0
7222,0
11639,0
9035,0
985,0
13898,0
9246,0
5226,1
2128,0
11575,0
9459,0
6662,0
6162,0
8798,0
5695,1
2080,0
6861,0
15098,0
17781,0
15060,0
13088,0
6379,0
4473,0
16298,1
11357,0
14969,0
10444,1
5715,0
1981,1
17691,0
6106,0
5440,0
11729,0
3008,0
9911,2
2561,0
17666,1
4315,1
11630,0
2166,0
120,1
12903,0
11858,0
5946,1
4699,0
2165,0
10915,0
869,0
9218,1
13572,0
5593,0
6295,1
14667,1
14273,0
3388,0
15922,0
17593,0
2447,1
13689,1
7408,0
16623,0
4834,0
7745,0
5961,0
19767,0
1508,1
15966,0
11423,1
10023,0
4843,0
2321,0
5405,0
5165,0
1019,0
15504,0
16307,0
2600,0
3229,0
8989,0
18154,0
17428,0
7690,0
16764,1
12503,0
316,0
13172,0
4306,0
17043,0
17907,0
19286,0
18260,0
11644,0
5776,0
8096,1
10851,0
11331,0
10190,0
14059,0
7917,1
6355,0
223,1
16875,0
9225,0
5301,0
14258,0
192,1
5409,0
10698,0
10764,0
13852,1
4395,0
17671,0
15947,0
3064,0
15728,1
17025,1
13904,0
1854,0
1473,0
8241,0
18669,0
4989,0
5967,0
1136,0
2869,1
7085,1
2987,0
12217,0
2536,0
3368,0
7618,0
17709,0
19788,0
3090,0
15858,1
16333,1
1047,0
16847,0
8432,0
14063,1
2897,1
16299,0
3636,0
230,1
18693,1
9581,0
12498,0
17108,0
13094,0
8022,1
17268,1
2483,0
3260,1
17760,0
5932,0
4634,1
4022,1
9269,1
14134,0
8771,0
19209,0
17053,0
9048,0
13035,0
9831,0
7715,0
14309,0
5473,0
1792,0
14217,0
11228,1
8755,0
18422,0
3204,1
3023,0
1351,0
7887,0
6388,1
6830,0
18588,0
16655,0
8324,0
9263,1
6405,0
2862,1
1149,0
15070,1
3700,0
6754,0
2236,0
240,1
19585,1
8351,0
7613,1
18822,0
207,1
11374,0
12191,1
15764,0
13079,0
783,1
3828,1
10797,1
3155,1
4176,1
16469,1
15812,0
5848,0
7188,1
13746,0
16412,0
18176,1
14693,1
6452,0
5427,1
2528,0
15864,0
6685,0
16933,0
14875,0
19104,0
17368,0
9436,0
6827,0
10958,0
10315,0
11489,0
6224,1
11407,0
14661,0
9984,1
17647,0
9919,0
16744,0
12392,1
3296,1
14452,1
15018,1
10849,0
12104,1
17314,1
2405,0
3077,0
11891,1
8939,0
16396,1
15556,1
12255,0
11918,0
11806,0
4851,0
2143,1
10196,0
6221,0
1534,1
5302,0
13773,0
8685,0
17636,1
15985,0
6189,0
4896,1
6568,0
10184,1
2087,0
6526,0
12500,1
11550,0
4992,0
9836,0
6925,0
16605,1
7861,0
11928,0
15544,1
2016,0
4301,0
16713,1
7341,1
3655,1
2651,1
12313,1
3688,0
15399,1
2933,0
12945,0
3702,0
19058,0
49,0
13266,0
6719,0
8895,0
12121,0
12580,0
5940,0
17331,0
16686,0
12141,0
13516,1
4072,0
11740,0
4152,1
18041,0
6047,0
12588,0
7068,0
12176,0
9806,1
13874,0
13980,1
3714,0
2548,0
15444,0
6179,0
10275,0
4808,0
17759,0
2972,0
3761,0
18932,0
7910,1
4467,0
18002,0
8728,0
17296,1
9201,0
6117,0
1320,1
9081,1
13268,0
18094,0
5343,0
10261,0
8343,1
19999,0
12269,2
8835,0
2689,0
10926,1
3335,0
4043,0
5474,2
4532,0
16621,0
5295,0
2453,0
13973,0
9236,0
6757,0
5968,0
14806,0
11149,0
1134,1
1185,0
13025,1
10040,0
14398,1
18028,1
16845,0
14904,0
7543,0
16172,0
14759,0
9650,0
17354,1
2748,0
4086,2
8248,0
12304,0
4949,1
5939,1
3762,0
10700,0
8549,2
13633,1
3212,0
11318,0
2703,0
8565,0
10061,1
7533,0
13909,1
4380,0
8566,0
7956,0
13380,0
6352,0
9528,1
5735,0
2335,1
15177,0
17791,0
1335,0
5116,0
17513,1
13196,0
2468,1
8080,1
15396,0
13702,0
16367,0
13390,0
14613,0
2266,0
18775,0
10224,0
17813,0
5529,0
13165,1
2649,1
4036,0
7703,0
9281,0
18295,0
2240,0
11795,0
14578,1
752,0
16440,1
5482,0
7207,0
10848,0
268,0
16337,0
14449,0
6669,0
8631,0
12381,0
14932,0
587,0
2882,0
8972,0
15350,1
2469,0
10657,0
16082,0
9324,1
17695,0
6062,0
944,0
17743,0
18285,1
666,0
10787,0
4322,0
15170,0
6519,0
13792,1
7254,0
7395,0
7507,0
782,1
18229,0
19184,0
3075,1
9611,0
15781,0
12450,0
15035,1
5701,0
809,1
9232,0
11017,0
8127,0
5202,0
436,0
16535,0
14977,1
7947,0
14763,0
2135,1
8987,0
7631,0
12770,0
1293,0
7285,0
14072,0
3272,0
6572,0
8554,0
12915,0
16454,1
6194,0
15998,1
11870,0
12610,1
5910,0
3683,0
18834,0
8709,0
15877,0
3156,0
8590,0
3050,1
3728,1
3529,2
7300,0
6862,1
11255,1
13636,0
16039,2
14141,0
7973,0
18228,0
5696,0
9030,0
17010,0
221,0
8943,0
16459,0
16789,0
13298,1
2428,2
15533,0
726,0
12235,0
10375,0
2717,1
8781,1
13052,1
5443,0
18032,0
15839,0
10931,0
3191,0
10198,0
12356,0
6724,1
15250,0
9887,0
3043,0
13630,0
11965,0
10854,2
7135,0
24,0
16793,0
11756,2
17003,1
9400,1
3941,0
11158,0
3403,0
17136,0
17961,0
7705,1
8887,0
9407,0
4735,0
10520,0
18116,0
14503,0
7706,0
15749,0
8834,1
5330,0
12441,0
9670,1
6202,1
7268,0
14431,1
16597,0
15024,0
9040,0
13136,0
16279,1
14607,1
16652,0
16055,1
16035,0
11031,1
16230,0
18565,0
16938,0
1340,1
13513,0
6058,0
1338,1
142,1
14703,1
6304,0
245,1
7637,0
3706,1
11882,0
255,1
4622,0
9448,0
18086,1
38,1
7552,0
16669,1
10300,0
12862,0
14119,1
8356,1
4216,0
15329,0
19102,0
12923,1
10427,0
15804,0
18889,0
6637,0
9062,0
10340,0
2513,0
8929,0
525,1
15984,1
14804,1
15297,1
14981,0
10927,0
11088,0
10299,1
1315,1
15383,0
8765,0
16794,1
14165,0
15117,1
11992,0
13472,0
13606,0
6600,0
15725,0
17421,0
10769,1
9641,0
3520,1
10395,0
11117,0
5866,1
6653,1
11846,0
3006,0
794,0
12864,0
12677,0
17374,0
1569,0
256,0
10687,0
2980,0
8961,1
1205,0
17123,0
7593,0
12456,0
8751,0
430,0
4181,0
10922,0
5458,1
1121,0
10392,0
5141,0
5620,1
14905,0
3437,0
16791,0
14065,0
11638,0
9971,1
8036,0
1595,1
1993,0
8704,0
16227,0
3405,0
17451,0
19266,0
2770,0
9378,0
461,1
16091,0
17401,1
5415,1
4165,0
11731,1
12030,1
4234,1
15003,0
11518,0
17316,0
16643,0
18842,0
18847,0
10823,1
14891,1
9537,0
5609,0
8271,0
13065,1
10624,1
15623,0
18281,0
16023,0
6363,0
623,0
484,0
17042,1
12342,0
3387,0
18578,0
939,1
13869,0
16499,0
7067,0
14955,0
17890,2
15388,0
3365,0
1418,0
6072,0
13726,1
5987,0
5899,0
11472,0
12538,1
17620,0
5537,0
6755,1
13697,0
4389,1
15655,0
17856,0
18753,0
4960,0
10716,1
14818,1
10509,1
15225,0
11259,1
10984,0
16587,1
11981,0
5597,0
1634,0
15279,0
7107,1
8816,0
9707,0
4111,1
8277,1
4493,0
10150,1
15917,0
5449,0
14795,0
14366,1
1669,0
8145,0
19322,1
13161,0
10244,0
13758,1
5459,1
8328,0
15495,1
4580,1
3516,1
3834,0
11000,1
5854,0
15890,0
13794,1
1969,0
18495,1
644,0
3884,0
6805,0
11910,0
810,1
16346,1
2959,0
12105,0
18423,0
8112,0
11964,0
13934,0
17503,0
14044,2
9345,0
12395,1
16964,1
16524,1
1874,0
13097,1
12046,0
18883,1
18204,1
1177,0
9964,0
13182,0
17699,1
12437,0
1786,0
17163,0
9817,1
4648,1
9350,0
12492,0
19298,0
3878,0
3192,0
2196,1
15555,0
10130,0
11042,0
1474,0
4383,1
2050,0
9065,0
17085,1
13055,0
8449,0
11377,1
17991,0
14776,0
13619,1
922,1
18930,0
75,1
17933,0
5592,1
8085,0
185,0
4740,0
17811,0
4647,0
5791,0
7296,1
17431,0
6738,1
7382,1
16256,0
9124,0
19243,0
9147,0
2259,0
8836,0
4361,0
14857,1
5672,0
844,1
7074,0
17242,0
17663,1
9877,0
13002,2
5152,1
15980,1
15283,0
2981,0
3811,0
14070,1
2654,0
9180,0
11453,0
17886,1
15359,0
10118,0
7570,1
9231,0
10795,0
18841,1
18564,1
466,0
10580,0
13246,0
13656,0
17516,0
13091,0
11015,2
4968,0
10779,0
6024,0
5404,0
16263,0
4118,0
9429,0
1716,1
2293,0
15953,0
402,0
846,0
6939,1
17496,1
6834,0
13064,0
16521,0
18362,0
12683,0
3538,1
18816,0
4603,1
10733,0
10377,0
2611,0
10403,1
1949,0
5876,0
11394,1
10658,0
3412,0
17923,0
15274,1
5731,0
1827,1
15669,0
17133,0
9149,0
5739,0
14459,0
270,0
16347,0
3642,0
1394,0
12743,1
10051,1
13312,1
2554,0
8169,1
12457,0
13382,0
15316,1
16060,1
15928,0
1028,0
13407,0
19137,0
14606,1
15389,0
7257,0
9296,1
12802,0
12493,0
2559,1
13018,1
14766,0
9978,2
14949,1
10551,0
4250,0
4928,0
12069,0
13181,0
9994,0
13547,0
6975,0
4324,0
13916,0
15116,0
12360,0
8807,1
19163,0
15453,1
9593,0
19187,0
7782,0
17776,1
6459,1
14594,1
19435,1
4174,0
18734,1
16976,0
2760,0
17304,0
6659,1
15174,0
5927,1
5531,1
10335,0
18743,0
2375,0
4272,0
6032,0
8503,0
3241,0
12617,0
10274,0
11888,1
7418,0
4839,0
7630,0
17618,1
7752,0
13787,0
4624,0
9022,0
11580,0
10173,0
13037,0
3829,0
9358,0
8843,0
15042,0
8526,0
12280,0
6486,0
12209,0
14472,0
3625,0
18152,0
5103,0
17862,0
11766,0
9506,1
10712,0
13117,0
10192,0
11857,0
9004,0
9392,0
1663,0
15,1
4391,2
5387,0
12367,0
2903,0
5444,0
16784,0
11170,0
5265,0
6764,1
6951,1
6146,0
12774,0
9333,0
12552,0
1416,0
16900,0
16966,0
6686,1
2368,0
10145,0
3282,0
10461,0
19722,0
8767,1
2324,0
15466,0
15532,1
17425,0
17820,0
12386,1
15020,1
16932,1
7853,0
504,0
13651,0
12797,0
5038,1
4227,0
19462,0
11495,0
16681,0
18407,0
18472,0
14984,0
17687,0
6096,0
13688,0
4604,0
15029,1
15301,1
15977,1
18084,0
16663,0
11911,0
11409,0
4218,0
5082,0
2591,0
15237,1
6847,0
12258,0
12554,0
12687,0
7605,0
8735,0
710,0
2801,1
17117,0
19638,0
7236,0
11515,1
5391,0
15190,1
1368,0
4140,0
13566,0
10033,0
5494,0
15112,0
1691,0
1403,0
7927,0
9142,0
17693,0
6046,1
6296,0
3219,1
18517,0
19288,1
13014,0
10801,0
10054,0
5708,1
11650,0
5263,0
9085,1
7196,1
1317,1
18571,0
13936,0
3554,1
11615,0
18056,1
8773,0
474,0
8365,0
1207,0
13445,0
10893,0
7419,0
14361,0
9945,0
12594,0
17575,1
14822,0
7453,0
18733,0
12750,1
4459,0
12157,0
16168,0
13406,0
11303,1
10640,1
3764,0
17089,0
440,0
18675,0
5851,0
93,0
10642,0
8656,1
12132,0
2814,1
3350,1
378,0
11629,1
18251,0
702,0
7368,2
4276,0
7527,1
9672,0
5169,0
9171,1
18701,0
3891,1
17165,0
2290,0
18902,0
428,0
15016,1
705,0
7087,0
15826,1
144,0
2152,0
16925,1
5750,0
18568,0
10121,0
16217,0
663,1
12690,0
16602,1
15333,0
6426,1
8829,0
10717,0
14615,0
3377,0
973,1
10961,0
9800,0
11461,1
7203,0
14504,1
2711,0
11948,0
17435,0
8680,0
9774,0
6841,0
8948,0
2593,1
4904,0
14994,2
16556,0
5576,0
3411,0
17799,1
7815,0
15780,1
18430,0
10249,2
16370,0
9555,1
10368,1
6947,1
10680,0
8233,0
10906,1
14915,0
7038,0
3738,0
621,0
10084,1
8776,0
2616,1
5332,0
10191,0
16441,1
2243,2
6513,0
1934,1
3519,0
3914,0
7920,0
16262,1
12736,0
2386,0
14868,0
14691,0
15500,0
7554,1
13369,0
15361,1
9794,0
7147,0
6145,0
7272,1
8105,0
3395,0
9280,0
18388,1
1731,1
16465,0
8583,0
3659,0
19673,0
14852,0
18878,0
5972,0
10050,0
12180,0
2878,0
6670,1
13262,0
4732,1
288,0
2227,0
6368,1
10108,1
15886,0
885,0
16099,0
10360,0
13673,1
4226,2
14764,1
13114,0
16674,0
1987,0
13309,0
10511,0
2171,1
19074,1
3397,0
14790,1
11942,0
15589,0
6851,0
7514,0
7005,1
8858,0
13375,2
12732,0
18107,0
19572,0
17655,0
17083,1
7126,1
12275,0
14461,0
4193,0
19343,1
7797,0
10969,0
518,1
17156,0
1477,0
2418,0
12624,1
7002,0
9041,0
9057,0
6197,0
18769,0
18036,0
18577,1
4841,0
13650,0
11589,0
2848,1
15522,0
17100,0
7175,0
10417,1
17386,0
10756,0
9722,0
18702,0
7697,0
1459,0
2047,1
1413,1
14719,0
19263,0
1623,1
4826,0
14277,0
17007,0
17731,0
377,0
292,0
8189,1
4753,0
3060,1
5704,0
15560,0
1594,0
5476,0
5767,0
14736,1
1232,1
13033,0
14342,0
12098,0
4961,0
17221,0
15779,0
16776,0
16707,1
7664,0
10206,0
4788,1
2508,1
575,0
16975,0
2564,1
51,1
18405,0
4911,0
11268,0
15701,0
16837,0
17697,0
15456,0
10860,0
18952,0
17790,1
18576,1
12097,1
13363,1
12579,0
18617,0
196,0
13682,0
13089,0
40,1
14040,0
12718,0
15921,0
13378,2
69,0
13305,0
19164,0
7129,0
9727,1
7421,0
18888,1
15231,0
502,0
12595,0
3709,0
12148,0
3782,1
2249,1
15341,1
1899,0
4894,1
14051,0
13584,0
6806,0
17756,0
13127,0
12371,1
10277,1
18145,0
17192,0
18498,1
5187,0
7748,0
5901,0
7122,0
15101,0
10279,1
762,0
18735,0
18223,0
7879,0
8050,0
13544,0
12483,0
13679,1
3873,0
12943,0
18924,0
10359,1
5762,0
4206,0
14495,1
11708,0
16414,1
14563,1
7040,1
1034,2
9494,0
14692,0
3703,0
13598,0
13440,0
7469,0
17792,0
17906,0
11178,0
948,1
6458,1
8628,1
1327,0
5270,1
7622,0
16152,1
2314,0
15549,0
5484,0
6838,1
8952,0
12702,0
8450,0
7094,1
14829,1
9272,0
6763,0
17686,0
10221,1
16980,1
1064,0
1014,0
1815,1
1302,1
1651,0
19629,0
4578,0
95,1
18887,1
11107,0
1800,0
9956,1
2450,0
10850,0
10965,0
14389,1
156,0
9894,0
7198,0
11352,0
12884,0
5288,1
6956,1
1392,1
19544,0
8074,0
14395,0
18314,1
1519,1
9363,0
19076,1
2336,0
5853,0
15009,0
7772,1
18020,0
5560,0
8859,0
1080,0
9572,0
3079,1
11465,1
2257,0
16420,1
10999,0
1209,0
5801,0
847,1
11793,0
13333,0
17502,0
7512,0
16209,0
18838,1
14109,1
2279,1
18437,0
10858,1
5872,0
10412,0
15852,1
2874,0
11707,0
15528,1
4850,0
13932,0
3444,0
11026,0
13346,0
13221,1
13903,0
14935,0
3197,1
15919,0
2287,1
15845,0
15446,0
14610,0
7806,0
6955,1
14777,0
1196,0
8691,0
8879,0
15431,0
7199,0
4159,1
15224,1
10574,0
11063,0
6284,0
14938,0
8561,0
10228,1
18725,0
10055,0
13154,0
5787,0
17714,0
17609,1
5369,0
7363,0
14201,0
5705,0
16066,0
17233,0
12704,0
14387,0
1355,0
2044,1
14600,0
8224,0
9491,0
15807,1
11384,0
3837,0
17189,0
5769,0
19014,1
13256,1
10597,1
5962,0
6932,1
4783,2
9047,0
13092,0
716,1
2771,1
9207,0
10930,0
12376,0
10751,1
4422,0
954,0
5761,0
15511,0
5468,0
2487,0
308,1
14048,0
8073,0
13872,0
14601,0
4806,0
16288,0
16198,1
17055,1
2886,1
17930,0
19182,1
18192,0
15370,0
1596,0
13538,1
6049,0
597,0
14250,1
13984,0
7057,1
10918,0
1787,0
6478,0
2364,0
279,0
13686,0
18118,0
10951,0
350,1
3103,0
150,0
12811,1
4385,0
15270,0
17659,0
9620,0
7702,1
4548,0
8031,0
17256,1
1231,1
17521,1
9209,0
19500,1
10862,0
7124,1
18670,2
11765,0
10020,0
17755,0
1383,1
16257,0
433,1
7012,0
18616,0
5895,0
11717,0
17874,0
9933,0
14638,0
7969,1
8461,0
8651,1
3160,0
7113,1
16634,1
7761,1
999,0
7612,1
13989,0
14115,0
17547,0
5909,0
11997,1
18586,0
1252,0
1963,1
7330,0
7221,1
16978,0
1585,1
172,0
6483,1
7960,0
5033,0
237,1
13419,1
18767,1
4471,1
14940,1
5026,1
4979,1
17219,1
6769,0
17558,1
2900,0
12833,1
13486,0
12074,0
5086,1
14543,0
17773,0
2202,1
4363,1
926,0
1600,0
9711,1
860,1
15331,0
10432,0
8287,1
15244,0
12117,0
14831,1
15732,1
4887,0
5304,1
9653,1
5868,0
1059,1
1131,0
1011,1
15644,0
5083,0
3673,0
3781,1
3327,0
1061,1
14409,0
3005,0
3070,0
11947,1
18723,1
4507,0
11372,0
15505,0
5725,0
2213,0
9988,1
8270,0
3185,0
6012,0
9883,0
2573,0
9435,0
13646,2
7638,1
10856,1
6095,0
4748,0
4701,0
3910,1
8726,0
483,0
19270,1
4815,0
13779,1
15322,1
4100,0
5648,0
15442,1
16505,1
10608,0
202,0
6807,0
7383,0
4756,1
16195,0
2169,0
15798,1
5840,0
5804,0
10093,0
9977,1
2403,0
996,0
492,1
8204,0
1561,0
3790,0
15911,0
2594,0
16280,0
13083,0
16328,0
17492,1
13958,0
15358,0
9015,0
7374,0
7942,1
8374,0
19337,0
11879,0
7367,0
9377,1
1820,0
10171,0
3814,0
420,0
18263,0
14881,1
7375,1
9538,0
17183,0
12867,0
5374,1
10455,1
7908,0
706,1
4104,0
2765,0
12880,0
14467,1
4562,0
8921,0
7901,0
15435,1
12212,0
17669,0
3479,1
18914,0
12413,1
6586,0
15787,1
11328,0
3271,1
17134,0
6381,0
15432,1
7523,0
4390,1
10472,1
18450,0
2412,0
11655,1
5279,0
12959,1
15756,1
10371,1
5502,0
11722,0
16506,0
16754,0
8464,0
2139,0
3707,0
16049,1
9912,0
1869,0
16115,2
7190,1
18435,0
1001,1
160,0
11094,0
14889,0
18835,1
5325,0
10269,0
9990,1
2597,0
10331,0
8722,0
16559,0
12591,0
8754,0
2464,0
1294,0
11156,0
18411,0
8325,1
10655,2
17610,0
6977,0
5568,1
9203,0
3620,1
6639,0
12111,0
16114,1
17594,1
6414,0
14772,1
14166,0
880,0
2433,0
10564,2
17605,0
10596,0
1035,1
997,0
7711,0
13036,0
15449,0
12108,0
15087,0
18287,0
3691,0
17812,0
9628,0
19085,0
9496,0
16844,0
17541,0
17058,1
2140,0
14705,0
9900,1
1635,0
14882,0
9443,1
9563,0
18913,1
10487,1
1466,1
15696,1
16667,1
11538,0
12415,0
9996,1
18892,1
7504,0
8438,0
4184,0
15739,1
18278,1
7091,0
718,1
14036,0
3537,1
1940,1
1427,0
615,0
16554,1
12240,0
2438,0
7451,0
17365,0
7800,2
6432,0
9193,0
6504,1
16852,0
13632,0
2580,0
10230,0
16314,0
5887,0
13751,0
10478,1
5811,0
16025,1
15637,1
6235,1
9976,0
15997,1
14280,0
7994,1
13944,0
17445,0
16368,0
9125,0
592,0
15120,0
7918,0
11662,0
4497,0
9556,0
4926,0
11536,0
11925,1
6377,0
12654,0
8935,1
14960,0
12378,1
18212,0
7804,1
81,1
2133,0
2499,0
10840,0
11967,0
10265,0
6237,0
12909,0
1201,0
4970,0
17037,0
16637,0
12358,0
16242,0
3022,0
3429,1
15651,0
9865,0
9943,0
9873,0
13641,0
1710,0
3096,1
15991,0
2222,0
18490,0
8912,1
8293,0
17884,0
8191,1
8519,0
10619,0
13214,0
1254,0
3041,0
2643,0
8322,0
4723,0
16273,0
560,1
13072,1
2466,0
14240,0
9598,0
13862,1
5666,1
5,0
12088,0
4017,1
17116,0
6609,0
2265,0
10722,0
14132,2
9337,0
14595,0
18801,1
5550,0
4085,1
4780,0
10917,0
16259,0
7045,0
14995,1
18165,1
11903,1
13841,0
17026,2
3216,0
498,0
225,1
8885,0
12334,0
6531,0
3236,0
534,1
9012,0
9998,0
14982,0
9000,0
5258,0
18965,0
8476,0
14129,0
1574,0
17774,1
7590,0
2207,1
2198,1
12499,0
11173,0
2807,0
17944,0
2074,0
2647,0
11133,0
12922,0
855,1
2268,0
3557,0
8149,0
11894,2
6661,0
16511,0
15631,2
12641,0
8376,0
2369,1
13402,0
6687,0
16390,1
5964,0
3934,0
11747,0
5224,2
6174,0
1290,0
8368,0
3145,1
12156,0
8456,0
10852,0
5836,0
17033,1
15775,0
13496,0
5575,0
11889,0
7426,0
3921,1
3174,0
6577,0
472,1
170,0
9923,1
19447,0
4898,0
9005,0
17898,0
1308,0
17599,0
14781,0
1688,1
15578,0
14450,1
5191,0
2033,0
2832,0
14161,0
458,0
19297,1
13893,0
4375,0
15621,1
12251,1
10185,0
1568,0
1728,0
1901,0
11777,0
10549,0
12319,0
6591,1
7998,0
2030,0
10283,0
15687,0
8495,0
14350,1
6655,1
18138,0
12990,0
11701,1
11842,0
8153,0
1911,1
3578,2
18298,0
19121,0
18035,0
12688,0
13334,0
2261,2
4170,0
11067,0
1346,0
19094,0
11001,0
13537,0
5010,2
19205,1
12692,0
18951,1
14454,0
8986,0
11025,2
2091,0
5354,1
13270,1
7639,0
15006,1
4157,0
8034,1
6817,1
310,0
1176,0
11191,2
1677,0
18897,1
5446,0
7888,0
470,0
547,0
4656,0
13283,1
4285,1
15978,0
177,0
1965,0
6888,0
16500,0
881,0
12746,1
14769,1
17744,1
13420,0
19207,0
14470,1
1198,0
16363,0
535,0
8635,0
10435,1
17328,0
14393,0
12332,0
7164,0
8154,0
1882,0
2295,1
12608,0
14689,0
7560,1
4067,0
2682,0
10878,0
19181,1
15620,0
7047,1
2111,0
11817,0
9840,0
4832,1
14665,1
12572,0
6774,0
17343,0
8344,0
7165,1
5245,0
14283,1
4160,0
2727,0
3795,0
19172,0
12806,1
18877,0
4917,1
17950,0
12428,1
2753,2
199,1
11819,1
9129,1
4039,0
20,0
17806,1
7931,0
9118,0
19634,0
16709,1
17095,0
4028,0
18742,1
13964,0
16614,0
5562,0
10207,0
2652,0
14307,0
16985,0
4109,0
11734,0
3713,0
6124,1
12250,0
16882,0
2798,0
16946,0
12093,0
7239,1
6962,0
8114,0
5142,1
17816,0
10453,0
12423,0
16545,1
6654,1
18830,1
11815,0
9684,0
10498,0
8687,1
9743,0
16926,1
16817,0
10954,0
18534,0
16270,1
626,1
13677,1
892,0
14191,0
5172,1
15155,0
15617,0
3279,0
9056,1
3548,0
2985,1
16898,1
8416,0
10950,1
13098,0
14010,0
969,2
1552,0
16320,0
13149,0
11055,0
19786,0
15510,0
4264,0
16316,0
8278,0
15394,0
18208,1
15176,1
614,0
18551,0
7396,0
17924,0
5190,0
14020,0
18632,0
17036,0
13668,1
13199,0
17835,0
5553,0
1845,1
14730,0
15478,0
13599,0
16278,0
10892,1
8173,0
784,0
13469,0
537,0
17458,0
1127,1
11901,0
9007,0
9238,2
12014,0
16411,0
6285,0
18040,0
18293,1
9346,2
6453,0
10215,1
15114,0
15336,0
15883,0
15205,2
8696,0
12490,0
10443,0
342,0
10386,0
1848,0
8486,0
13637,1
967,0
17635,0
2441,0
18544,1
12125,1
5063,0
10727,1
17703,0
15515,0
7321,0
12021,0
360,0
12819,0
12642,0
2154,1
16135,1
1607,1
4191,0
15646,0
16970,0
2790,0
13124,0
16825,1
11929,1
13348,0
14526,0
14209,0
11373,1
4549,0
7456,0
12942,0
6408,0
10519,1
18000,1
11505,0
12166,1
1057,0
164,0
16558,1
12042,0
17571,1
7954,0
14723,1
17970,0
11052,0
17579,1
15916,1
232,1
5754,0
6831,0
17318,0
11939,0
9490,0
1216,0
4236,0
10488,1
7110,0
17851,0
14547,0
13224,0
914,1
6253,1
1182,0
17252,0
10096,1
13820,0
16201,1
16951,0
188,0
988,0
17524,1
14883,0
9638,0
9701,0
19046,1
11123,0
9161,0
12188,1
7204,1
22,0
16169,2
11508,0
633,0
6466,0
1055,0
11900,0
3858,0
17250,0
14808,1
12486,1
19176,0
1357,1
15058,0
4687,0
4138,0
7838,0
13338,0
14714,0
4599,1
10998,1
17412,0
8090,0
15908,1
7700,0
17852,1
12103,1
9123,0
12198,1
14330,1
14440,1
13665,1
8485,0
6361,0
7833,0
17966,0
4621,0
901,0
8417,0
15084,2
11786,0
5157,0
4525,1
6015,0
8382,0
8725,0
5782,1
16194,0
7302,0
12140,0
523,0
17982,0
11794,1
2392,1
8499,0
13969,0
15645,0
313,0
18703,0
917,0
735,0
15900,0
166,0
11636,0
10314,0
16048,1
5340,0
10565,0
9028,0
17570,0
1050,1
17772,1
6151,0
4874,0
10605,1
10038,1
1037,1
17617,0
18306,0
8494,0
9802,0
11436,0
9264,1
2411,0
9522,0
12508,0
14167,0
6185,1
3123,0
15722,0
16026,0
11068,1
13669,1
15584,0
1645,0
16310,0
7831,0
2632,0
4304,0
11973,0
4034,0
8141,0
10502,0
14643,0
303,1
5098,0
10361,1
4172,0
351,0
7491,0
815,0
4706,0
15914,1
12252,0
17514,0
11567,0
17287,1
8483,0
7090,0
8817,0
14864,0
3618,0
911,2
12455,0
1516,0
573,0
9582,0
5751,0
10809,1
11742,0
12660,0
11660,1
20056,0
965,0
14862,0
1750,0
4352,1
13220,1
8869,0
630,0
399,0
4738,0
11304,0
6926,0
2716,0
3035,0
18374,0
203,1
3542,0
13511,0
2853,0
17848,0
10761,1
12871,1
5200,0
1117,0
18274,0
16627,0
17515,0
1810,0
6449,0
2662,0
9627,0
15559,1
1905,0
15901,1
18662,0
10081,1
2726,1
5271,0
16083,0
6696,0
17326,1
11739,0
5252,0
8509,0
10438,0
7447,0
12208,0
933,0
15001,1
2445,0
9889,0
14986,1
2664,0
6718,0
3990,1
18727,0
5151,1
11247,0
2821,0
19450,0
19098,0
16344,0
2530,0
18175,0
8319,0
14888,1
4534,0
8747,0
7862,0
3256,1
13922,0
4930,1
11670,0
14913,0
13996,0
9805,0
13427,1
15065,0
14335,0
6193,0
13134,1
3011,0
6999,1
18330,1
1563,0
8951,1
18399,1
14867,0
16121,0
11916,0
18106,0
4413,0
16509,0
1794,0
3985,0
3822,0
79,1
13265,0
15740,0
7267,0
13160,1
7666,0
8093,0
4801,1
5828,0
5273,0
6035,0
3364,0
12760,0
7747,0
2781,0
2531,1
17158,0
8208,0
8411,0
8668,0
8878,0
8083,0
18916,1
18636,1
13130,0
10514,1
11141,1
7309,0
15844,0
11755,0
2116,0
17102,0
14565,0
14324,1
10062,1
2901,0
13761,1
6594,1
1008,0
16510,1
1328,1
7558,0
7232,0
11382,1
10376,0
7557,0
169,0
16973,0
3575,0
8974,1
16268,0
15392,0
9830,0
18090,0
18758,0
9196,0
16401,1
15257,2
4199,0
952,0
5215,0
11399,0
2714,0
2950,0
9052,1
11764,1
10980,0
18008,0
6002,0
1864,0
15375,2
16264,1
14869,0
3182,0
17710,1
12765,0
9768,1
1240,0
17002,0
9544,0
8593,0
16590,1
17540,0
8488,0
800,1
18610,0
3346,0
13454,0
1754,0
7026,0
8027,0
7106,0
5006,0
6936,1
5057,0
16080,0
15126,0
9323,0
1249,0
3600,1
2570,0
1285,0
14847,0
30,0
805,1
10885,0
2020,0
8447,0
6349,0
14603,0
12549,0
9782,0
18181,0
16127,1
8615,0
7021,0
12930,0
8232,0
5294,1
18917,0
18414,0
13193,0
3116,0
13294,0
15277,1
8928,1
2355,0
8666,0
5734,0
5053,0
15378,0
2490,0
16286,0
2892,0
9198,0
3552,0
238,0
5179,0
2025,0
18557,1
13701,1
9677,0
4252,0
12178,0
9837,0
4189,0
1777,0
5219,0
16878,0
11728,0
2462,0
2960,0
17853,0
12480,0
15960,0
12731,0
12525,1
14086,0
13325,1
4427,0
2772,0
581,0
4374,0
13118,0
10530,0
1505,1
8539,0
101,1
14305,0
9112,1
15815,0
2311,0
16722,1
8626,0
11116,1
5041,0
4536,0
14264,0
4217,1
6931,0
12699,1
2773,2
18774,0
13838,0
4495,0
5808,0
3319,0
18273,0
594,0
11979,1
12810,0
18022,0
14511,0
9338,0
4615,0
1278,0
13982,0
8555,0
189,0
2797,1
10363,0
4932,0
4565,0
994,0
